timestamp,track,status,target_candle_timestamp,prediction_generated_at,daily_model_refresh,best_champion_name,best_champion_family,best_champion_version,predicted_signal,probability_up,model_accuracy,model_f1,promoted,promotion_blocked,registered_model_name,actual,result,failed,reference_candle_timestamp,reference_open,reference_close,target_open,target_close,model_predictions,workflow_name,workflow_variant,skipped_reason
2026-04-28T05:00:00+00:00,hourly_24h,success,2026-04-28T05:00:00+00:00,2026-04-28T04:19:58.806130+00:00,False,RandomForest,rf,1.0,DOWN,0.466992974281311,0.9375,0.9387755102040816,False,False,btc-dir-consolidated-hourly-24h,UP,LOSS,False,2026-04-28T04:00:00+00:00,76815.18,76888.08,76888.08,76885.98,"{""lstm"":{""accuracy"":0.7291666666666666,""cv_accuracy"":0.7291666666666666,""cv_f1"":0.6829268292682927,""f1"":0.6829268292682927,""family"":""lstm"",""is_current_best"":false,""name"":""LSTM"",""predicted_label"":1,""predicted_signal"":""UP"",""probability_up"":0.8208022713661194,""registered_model_name"":""btc-dir-consolidated-hourly-24h-lstm"",""registry_version"":""1"",""source"":""champion""},""mlp_sklearn"":{""accuracy"":0.625,""cv_accuracy"":0.625,""cv_f1"":0.5909090909090909,""f1"":0.5909090909090909,""family"":""mlp_sklearn"",""is_current_best"":false,""name"":""MLPClassifier"",""predicted_label"":0,""predicted_signal"":""DOWN"",""probability_up"":0.4911715090274811,""registered_model_name"":""btc-dir-consolidated-hourly-24h-mlp_sklearn"",""registry_version"":""1"",""source"":""champion""},""nn"":{""accuracy"":0.8333333333333334,""cv_accuracy"":0.8333333333333334,""cv_f1"":0.8333333333333334,""f1"":0.8333333333333334,""family"":""nn"",""is_current_best"":false,""name"":""NN"",""predicted_label"":0,""predicted_signal"":""DOWN"",""probability_up"":0.4466143846511841,""registered_model_name"":""btc-dir-consolidated-hourly-24h-nn"",""registry_version"":""1"",""source"":""champion""},""rf"":{""accuracy"":0.9375,""cv_accuracy"":0.9375,""cv_f1"":0.9387755102040817,""f1"":0.9387755102040817,""family"":""rf"",""is_current_best"":true,""name"":""RandomForest"",""predicted_label"":0,""predicted_signal"":""DOWN"",""probability_up"":0.46699297428131104,""registered_model_name"":""btc-dir-consolidated-hourly-24h-rf"",""registry_version"":""1"",""source"":""champion""},""transformer"":{""accuracy"":0.6458333333333334,""cv_accuracy"":0.6458333333333334,""cv_f1"":0.6666666666666666,""f1"":0.6666666666666666,""family"":""transformer"",""is_current_best"":false,""name"":""Transformer"",""predicted_label"":1,""predicted_signal"":""UP"",""probability_up"":0.6501414179801941,""registered_model_name"":""btc-dir-consolidated-hourly-24h-transformer"",""registry_version"":""1"",""source"":""champion""},""xgb"":{""accuracy"":0.9166666666666666,""cv_accuracy"":0.9166666666666666,""cv_f1"":0.9166666666666666,""f1"":0.9166666666666666,""family"":""xgb"",""is_current_best"":false,""name"":""XGBoost"",""predicted_label"":1,""predicted_signal"":""UP"",""probability_up"":0.5509510040283203,""registered_model_name"":""btc-dir-consolidated-hourly-24h-xgb"",""registry_version"":""1"",""source"":""champion""}}",consolidated-hourly-24h,hourly_24h_always_refresh,
2026-04-28T05:00:00+00:00,hourly_daily,success,2026-04-28T05:00:00+00:00,2026-04-28T04:20:06.773483+00:00,True,RandomForest,rf,1.0,DOWN,0.466992974281311,0.9375,0.9387755102040816,False,False,btc-dir-consolidated-hourly-daily,UP,LOSS,False,2026-04-28T04:00:00+00:00,76815.18,76888.08,76888.08,76885.98,"{""lstm"":{""accuracy"":0.7291666666666666,""cv_accuracy"":0.7291666666666666,""cv_f1"":0.6829268292682927,""f1"":0.6829268292682927,""family"":""lstm"",""is_current_best"":false,""name"":""LSTM"",""predicted_label"":1,""predicted_signal"":""UP"",""probability_up"":0.8208022713661194,""registered_model_name"":""btc-dir-consolidated-hourly-daily-lstm"",""registry_version"":""1"",""source"":""champion""},""mlp_sklearn"":{""accuracy"":0.625,""cv_accuracy"":0.625,""cv_f1"":0.5909090909090909,""f1"":0.5909090909090909,""family"":""mlp_sklearn"",""is_current_best"":false,""name"":""MLPClassifier"",""predicted_label"":0,""predicted_signal"":""DOWN"",""probability_up"":0.4911715090274811,""registered_model_name"":""btc-dir-consolidated-hourly-daily-mlp_sklearn"",""registry_version"":""1"",""source"":""champion""},""nn"":{""accuracy"":0.8333333333333334,""cv_accuracy"":0.8333333333333334,""cv_f1"":0.8333333333333334,""f1"":0.8333333333333334,""family"":""nn"",""is_current_best"":false,""name"":""NN"",""predicted_label"":0,""predicted_signal"":""DOWN"",""probability_up"":0.4466143846511841,""registered_model_name"":""btc-dir-consolidated-hourly-daily-nn"",""registry_version"":""1"",""source"":""champion""},""rf"":{""accuracy"":0.9375,""cv_accuracy"":0.9375,""cv_f1"":0.9387755102040817,""f1"":0.9387755102040817,""family"":""rf"",""is_current_best"":true,""name"":""RandomForest"",""predicted_label"":0,""predicted_signal"":""DOWN"",""probability_up"":0.46699297428131104,""registered_model_name"":""btc-dir-consolidated-hourly-daily-rf"",""registry_version"":""1"",""source"":""champion""},""transformer"":{""accuracy"":0.6458333333333334,""cv_accuracy"":0.6458333333333334,""cv_f1"":0.6666666666666666,""f1"":0.6666666666666666,""family"":""transformer"",""is_current_best"":false,""name"":""Transformer"",""predicted_label"":1,""predicted_signal"":""UP"",""probability_up"":0.6501414179801941,""registered_model_name"":""btc-dir-consolidated-hourly-daily-transformer"",""registry_version"":""1"",""source"":""champion""},""xgb"":{""accuracy"":0.9166666666666666,""cv_accuracy"":0.9166666666666666,""cv_f1"":0.9166666666666666,""f1"":0.9166666666666666,""family"":""xgb"",""is_current_best"":false,""name"":""XGBoost"",""predicted_label"":1,""predicted_signal"":""UP"",""probability_up"":0.5509510040283203,""registered_model_name"":""btc-dir-consolidated-hourly-daily-xgb"",""registry_version"":""1"",""source"":""champion""}}",consolidated-hourly-daily,hourly_prediction_daily_refresh_at_midnight_et,
2026-04-28T05:00:00+00:00,market_hours,skipped,2026-04-28T05:00:00+00:00,2026-04-28T04:20:10.779385+00:00,False,,,,,,,,False,False,btc-dir-consolidated-market-hours,UP,,False,,76815.18,76888.08,76888.08,76885.98,{},consolidated-market-hours,hourly_prediction_market_hours_only,next target candle is outside ET market hours
2026-04-28T05:00:00+00:00,market_hours_daily,skipped,2026-04-28T05:00:00+00:00,2026-04-28T04:20:10.779434+00:00,False,,,,,,,,False,False,btc-dir-consolidated-market-hours-daily,UP,,False,,76815.18,76888.08,76888.08,76885.98,{},consolidated-market-hours-daily,market_hours_prediction_same_day_refresh,next target candle is outside ET market hours
2026-04-28T08:00:00+00:00,hourly_24h,success,2026-04-28T08:00:00+00:00,2026-04-28T07:44:32.659689+00:00,False,XGBoost,xgb,1.0,DOWN,0.3847135901451111,0.9583333333333334,0.9545454545454546,False,False,btc-usdt-directional-classifier-consolidated-hourly-24h,UP,LOSS,False,2026-04-28T07:00:00+00:00,76720.01,76879.28,76879.28,76858.59,"{""lstm"":{""accuracy"":0.7708333333333334,""cv_accuracy"":0.7708333333333334,""cv_f1"":0.6857142857142857,""f1"":0.6857142857142857,""family"":""lstm"",""is_current_best"":false,""name"":""LSTM"",""predicted_label"":0,""predicted_signal"":""DOWN"",""probability_up"":0.0879959687590599,""registered_model_name"":""btc-usdt-directional-classifier-consolidated-hourly-24h-lstm"",""registry_version"":""1"",""source"":""champion""},""mlp_sklearn"":{""accuracy"":0.8333333333333334,""cv_accuracy"":0.8333333333333334,""cv_f1"":0.8095238095238095,""f1"":0.8095238095238095,""family"":""mlp_sklearn"",""is_current_best"":false,""name"":""MLPClassifier"",""predicted_label"":1,""predicted_signal"":""UP"",""probability_up"":0.577616274356842,""registered_model_name"":""btc-usdt-directional-classifier-consolidated-hourly-24h-mlp_sklearn"",""registry_version"":""1"",""source"":""champion""},""nn"":{""accuracy"":0.875,""cv_accuracy"":0.875,""cv_f1"":0.8636363636363636,""f1"":0.8636363636363636,""family"":""nn"",""is_current_best"":false,""name"":""NN"",""predicted_label"":0,""predicted_signal"":""DOWN"",""probability_up"":0.2579342722892761,""registered_model_name"":""btc-usdt-directional-classifier-consolidated-hourly-24h-nn"",""registry_version"":""1"",""source"":""champion""},""rf"":{""accuracy"":0.9166666666666666,""cv_accuracy"":0.9166666666666666,""cv_f1"":0.9090909090909091,""f1"":0.9090909090909091,""family"":""rf"",""is_current_best"":false,""name"":""RandomForest"",""predicted_label"":0,""predicted_signal"":""DOWN"",""probability_up"":0.4989446997642517,""registered_model_name"":""btc-usdt-directional-classifier-consolidated-hourly-24h-rf"",""registry_version"":""1"",""source"":""champion""},""transformer"":{""accuracy"":0.7083333333333334,""cv_accuracy"":0.7083333333333334,""cv_f1"":0.5882352941176471,""f1"":0.5882352941176471,""family"":""transformer"",""is_current_best"":false,""name"":""Transformer"",""predicted_label"":0,""predicted_signal"":""DOWN"",""probability_up"":0.029795615002512932,""registered_model_name"":""btc-usdt-directional-classifier-consolidated-hourly-24h-transformer"",""registry_version"":""1"",""source"":""champion""},""xgb"":{""accuracy"":0.9583333333333334,""cv_accuracy"":0.9583333333333334,""cv_f1"":0.9545454545454546,""f1"":0.9545454545454546,""family"":""xgb"",""is_current_best"":true,""name"":""XGBoost"",""predicted_label"":0,""predicted_signal"":""DOWN"",""probability_up"":0.3847135901451111,""registered_model_name"":""btc-usdt-directional-classifier-consolidated-hourly-24h-xgb"",""registry_version"":""1"",""source"":""champion""}}",consolidated-hourly-24h,hourly_24h_always_refresh,
2026-04-28T08:00:00+00:00,hourly_daily,success,2026-04-28T08:00:00+00:00,2026-04-28T07:46:30.725007+00:00,True,XGBoost,xgb,1.0,DOWN,0.3847135901451111,0.9583333333333334,0.9545454545454546,False,False,btc-usdt-directional-classifier-consolidated-hourly-daily,UP,LOSS,False,2026-04-28T07:00:00+00:00,76720.01,76879.28,76879.28,76858.59,"{""lstm"":{""accuracy"":0.7708333333333334,""cv_accuracy"":0.7708333333333334,""cv_f1"":0.6857142857142857,""f1"":0.6857142857142857,""family"":""lstm"",""is_current_best"":false,""name"":""LSTM"",""predicted_label"":0,""predicted_signal"":""DOWN"",""probability_up"":0.0879959687590599,""registered_model_name"":""btc-usdt-directional-classifier-consolidated-hourly-daily-lstm"",""registry_version"":""1"",""source"":""champion""},""mlp_sklearn"":{""accuracy"":0.8333333333333334,""cv_accuracy"":0.8333333333333334,""cv_f1"":0.8095238095238095,""f1"":0.8095238095238095,""family"":""mlp_sklearn"",""is_current_best"":false,""name"":""MLPClassifier"",""predicted_label"":1,""predicted_signal"":""UP"",""probability_up"":0.577616274356842,""registered_model_name"":""btc-usdt-directional-classifier-consolidated-hourly-daily-mlp_sklearn"",""registry_version"":""1"",""source"":""champion""},""nn"":{""accuracy"":0.875,""cv_accuracy"":0.875,""cv_f1"":0.8636363636363636,""f1"":0.8636363636363636,""family"":""nn"",""is_current_best"":false,""name"":""NN"",""predicted_label"":0,""predicted_signal"":""DOWN"",""probability_up"":0.2579342722892761,""registered_model_name"":""btc-usdt-directional-classifier-consolidated-hourly-daily-nn"",""registry_version"":""1"",""source"":""champion""},""rf"":{""accuracy"":0.9166666666666666,""cv_accuracy"":0.9166666666666666,""cv_f1"":0.9090909090909091,""f1"":0.9090909090909091,""family"":""rf"",""is_current_best"":false,""name"":""RandomForest"",""predicted_label"":0,""predicted_signal"":""DOWN"",""probability_up"":0.4989446997642517,""registered_model_name"":""btc-usdt-directional-classifier-consolidated-hourly-daily-rf"",""registry_version"":""1"",""source"":""champion""},""transformer"":{""accuracy"":0.7083333333333334,""cv_accuracy"":0.7083333333333334,""cv_f1"":0.5882352941176471,""f1"":0.5882352941176471,""family"":""transformer"",""is_current_best"":false,""name"":""Transformer"",""predicted_label"":0,""predicted_signal"":""DOWN"",""probability_up"":0.029795615002512932,""registered_model_name"":""btc-usdt-directional-classifier-consolidated-hourly-daily-transformer"",""registry_version"":""1"",""source"":""champion""},""xgb"":{""accuracy"":0.9583333333333334,""cv_accuracy"":0.9583333333333334,""cv_f1"":0.9545454545454546,""f1"":0.9545454545454546,""family"":""xgb"",""is_current_best"":true,""name"":""XGBoost"",""predicted_label"":0,""predicted_signal"":""DOWN"",""probability_up"":0.3847135901451111,""registered_model_name"":""btc-usdt-directional-classifier-consolidated-hourly-daily-xgb"",""registry_version"":""1"",""source"":""champion""}}",consolidated-hourly-daily,hourly_prediction_daily_refresh_at_midnight_et,
2026-04-28T08:00:00+00:00,market_hours,skipped,2026-04-28T08:00:00+00:00,2026-04-28T07:46:33.234917+00:00,False,,,,,,,,False,False,btc-usdt-directional-classifier-consolidated-market-hours,UP,,False,,76720.01,76879.28,76879.28,76858.59,{},consolidated-market-hours,hourly_prediction_market_hours_only,next target candle is outside ET market hours
2026-04-28T08:00:00+00:00,market_hours_daily,skipped,2026-04-28T08:00:00+00:00,2026-04-28T07:46:33.235211+00:00,False,,,,,,,,False,False,btc-usdt-directional-classifier-consolidated-market-hours-daily,UP,,False,,76720.01,76879.28,76879.28,76858.59,{},consolidated-market-hours-daily,market_hours_prediction_same_day_refresh,next target candle is outside ET market hours
2026-04-28T11:00:00+00:00,hourly_24h,success,2026-04-28T11:00:00+00:00,2026-04-28T10:26:05.358268+00:00,False,XGBoost,xgb,1.0,UP,0.6078353524208069,0.9583333333333334,0.9565217391304348,False,False,btc-usdt-directional-classifier-consolidated-hourly-24h,UP,WIN,False,2026-04-28T10:00:00+00:00,76597.99,76618.35,76618.35,76229.0,"{""lstm"":{""accuracy"":0.75,""cv_accuracy"":0.75,""cv_f1"":0.6666666666666666,""f1"":0.6666666666666666,""family"":""lstm"",""is_current_best"":false,""name"":""LSTM"",""predicted_label"":1,""predicted_signal"":""UP"",""probability_up"":0.5636025667190552,""registered_model_name"":""btc-usdt-directional-classifier-consolidated-hourly-24h-lstm"",""registry_version"":""1"",""source"":""champion""},""mlp_sklearn"":{""accuracy"":0.8541666666666666,""cv_accuracy"":0.8541666666666666,""cv_f1"":0.8372093023255814,""f1"":0.8372093023255814,""family"":""mlp_sklearn"",""is_current_best"":false,""name"":""MLPClassifier"",""predicted_label"":0,""predicted_signal"":""DOWN"",""probability_up"":0.05013095587491989,""registered_model_name"":""btc-usdt-directional-classifier-consolidated-hourly-24h-mlp_sklearn"",""registry_version"":""1"",""source"":""champion""},""nn"":{""accuracy"":0.8541666666666666,""cv_accuracy"":0.8541666666666666,""cv_f1"":0.8444444444444444,""f1"":0.8444444444444444,""family"":""nn"",""is_current_best"":false,""name"":""NN"",""predicted_label"":0,""predicted_signal"":""DOWN"",""probability_up"":0.3377176523208618,""registered_model_name"":""btc-usdt-directional-classifier-consolidated-hourly-24h-nn"",""registry_version"":""1"",""source"":""champion""},""rf"":{""accuracy"":0.8958333333333334,""cv_accuracy"":0.8958333333333334,""cv_f1"":0.8936170212765957,""f1"":0.8936170212765957,""family"":""rf"",""is_current_best"":false,""name"":""RandomForest"",""predicted_label"":1,""predicted_signal"":""UP"",""probability_up"":0.5576956272125244,""registered_model_name"":""btc-usdt-directional-classifier-consolidated-hourly-24h-rf"",""registry_version"":""1"",""source"":""champion""},""transformer"":{""accuracy"":0.6875,""cv_accuracy"":0.6875,""cv_f1"":0.5714285714285714,""f1"":0.5714285714285714,""family"":""transformer"",""is_current_best"":false,""name"":""Transformer"",""predicted_label"":0,""predicted_signal"":""DOWN"",""probability_up"":0.07454380393028259,""registered_model_name"":""btc-usdt-directional-classifier-consolidated-hourly-24h-transformer"",""registry_version"":""1"",""source"":""champion""},""xgb"":{""accuracy"":0.9583333333333334,""cv_accuracy"":0.9583333333333334,""cv_f1"":0.9565217391304348,""f1"":0.9565217391304348,""family"":""xgb"",""is_current_best"":true,""name"":""XGBoost"",""predicted_label"":1,""predicted_signal"":""UP"",""probability_up"":0.6078353524208069,""registered_model_name"":""btc-usdt-directional-classifier-consolidated-hourly-24h-xgb"",""registry_version"":""1"",""source"":""champion""}}",consolidated-hourly-24h,hourly_24h_always_refresh,
2026-04-28T11:00:00+00:00,hourly_daily,success,2026-04-28T11:00:00+00:00,2026-04-28T10:28:06.640116+00:00,True,XGBoost,xgb,1.0,UP,0.6078353524208069,0.9583333333333334,0.9565217391304348,False,False,btc-usdt-directional-classifier-consolidated-hourly-daily,UP,WIN,False,2026-04-28T10:00:00+00:00,76597.99,76618.35,76618.35,76229.0,"{""lstm"":{""accuracy"":0.75,""cv_accuracy"":0.75,""cv_f1"":0.6666666666666666,""f1"":0.6666666666666666,""family"":""lstm"",""is_current_best"":false,""name"":""LSTM"",""predicted_label"":1,""predicted_signal"":""UP"",""probability_up"":0.5636025667190552,""registered_model_name"":""btc-usdt-directional-classifier-consolidated-hourly-daily-lstm"",""registry_version"":""1"",""source"":""champion""},""mlp_sklearn"":{""accuracy"":0.8541666666666666,""cv_accuracy"":0.8541666666666666,""cv_f1"":0.8372093023255814,""f1"":0.8372093023255814,""family"":""mlp_sklearn"",""is_current_best"":false,""name"":""MLPClassifier"",""predicted_label"":0,""predicted_signal"":""DOWN"",""probability_up"":0.05013095587491989,""registered_model_name"":""btc-usdt-directional-classifier-consolidated-hourly-daily-mlp_sklearn"",""registry_version"":""1"",""source"":""champion""},""nn"":{""accuracy"":0.8541666666666666,""cv_accuracy"":0.8541666666666666,""cv_f1"":0.8444444444444444,""f1"":0.8444444444444444,""family"":""nn"",""is_current_best"":false,""name"":""NN"",""predicted_label"":0,""predicted_signal"":""DOWN"",""probability_up"":0.3377176523208618,""registered_model_name"":""btc-usdt-directional-classifier-consolidated-hourly-daily-nn"",""registry_version"":""1"",""source"":""champion""},""rf"":{""accuracy"":0.8958333333333334,""cv_accuracy"":0.8958333333333334,""cv_f1"":0.8936170212765957,""f1"":0.8936170212765957,""family"":""rf"",""is_current_best"":false,""name"":""RandomForest"",""predicted_label"":1,""predicted_signal"":""UP"",""probability_up"":0.5576956272125244,""registered_model_name"":""btc-usdt-directional-classifier-consolidated-hourly-daily-rf"",""registry_version"":""1"",""source"":""champion""},""transformer"":{""accuracy"":0.6875,""cv_accuracy"":0.6875,""cv_f1"":0.5714285714285714,""f1"":0.5714285714285714,""family"":""transformer"",""is_current_best"":false,""name"":""Transformer"",""predicted_label"":0,""predicted_signal"":""DOWN"",""probability_up"":0.07454380393028259,""registered_model_name"":""btc-usdt-directional-classifier-consolidated-hourly-daily-transformer"",""registry_version"":""1"",""source"":""champion""},""xgb"":{""accuracy"":0.9583333333333334,""cv_accuracy"":0.9583333333333334,""cv_f1"":0.9565217391304348,""f1"":0.9565217391304348,""family"":""xgb"",""is_current_best"":true,""name"":""XGBoost"",""predicted_label"":1,""predicted_signal"":""UP"",""probability_up"":0.6078353524208069,""registered_model_name"":""btc-usdt-directional-classifier-consolidated-hourly-daily-xgb"",""registry_version"":""1"",""source"":""champion""}}",consolidated-hourly-daily,hourly_prediction_daily_refresh_at_midnight_et,
2026-04-28T11:00:00+00:00,market_hours,skipped,2026-04-28T11:00:00+00:00,2026-04-28T10:28:10.639359+00:00,False,,,,,,,,False,False,btc-usdt-directional-classifier-consolidated-market-hours,UP,,False,,76597.99,76618.35,76618.35,76229.0,{},consolidated-market-hours,hourly_prediction_market_hours_only,next target candle is outside ET market hours
2026-04-28T11:00:00+00:00,market_hours_daily,skipped,2026-04-28T11:00:00+00:00,2026-04-28T10:28:10.639696+00:00,False,,,,,,,,False,False,btc-usdt-directional-classifier-consolidated-market-hours-daily,UP,,False,,76597.99,76618.35,76618.35,76229.0,{},consolidated-market-hours-daily,market_hours_prediction_same_day_refresh,next target candle is outside ET market hours
2026-04-28T13:00:00+00:00,hourly_24h,success,2026-04-28T13:00:00+00:00,2026-04-28T12:38:23.336738+00:00,False,XGBoost,xgb,1.0,UP,0.7121325135231018,0.9791666666666666,0.9787234042553192,True,False,btc-usdt-directional-classifier-consolidated-hourly-24h,UP,WIN,False,2026-04-28T12:00:00+00:00,76228.99,76372.05,76372.04,76189.84,"{""lstm"":{""accuracy"":0.75,""cv_accuracy"":0.75,""cv_f1"":0.6842105263157895,""f1"":0.6842105263157895,""family"":""lstm"",""is_current_best"":false,""name"":""LSTM"",""predicted_label"":1,""predicted_signal"":""UP"",""probability_up"":0.7748366594314575,""registered_model_name"":""btc-usdt-directional-classifier-consolidated-hourly-24h-lstm"",""registry_version"":""1"",""source"":""champion""},""mlp_sklearn"":{""accuracy"":0.8333333333333334,""cv_accuracy"":0.8333333333333334,""cv_f1"":0.8181818181818182,""f1"":0.8181818181818182,""family"":""mlp_sklearn"",""is_current_best"":false,""name"":""MLPClassifier"",""predicted_label"":0,""predicted_signal"":""DOWN"",""probability_up"":0.48444652557373047,""registered_model_name"":""btc-usdt-directional-classifier-consolidated-hourly-24h-mlp_sklearn"",""registry_version"":""1"",""source"":""champion""},""nn"":{""accuracy"":0.8333333333333334,""cv_accuracy"":0.8333333333333334,""cv_f1"":0.8260869565217391,""f1"":0.8260869565217391,""family"":""nn"",""is_current_best"":false,""name"":""NN"",""predicted_label"":0,""predicted_signal"":""DOWN"",""probability_up"":0.10401871800422668,""registered_model_name"":""btc-usdt-directional-classifier-consolidated-hourly-24h-nn"",""registry_version"":""1"",""source"":""champion""},""rf"":{""accuracy"":0.8958333333333334,""cv_accuracy"":0.8958333333333334,""cv_f1"":0.8979591836734694,""f1"":0.8979591836734694,""family"":""rf"",""is_current_best"":false,""name"":""RandomForest"",""predicted_label"":1,""predicted_signal"":""UP"",""probability_up"":0.5493391156196594,""registered_model_name"":""btc-usdt-directional-classifier-consolidated-hourly-24h-rf"",""registry_version"":""1"",""source"":""champion""},""transformer"":{""accuracy"":0.5416666666666666,""cv_accuracy"":0.5339829476248478,""cv_f1"":0.5350023248941796,""f1"":0.56,""family"":""transformer"",""is_current_best"":false,""name"":""Transformer"",""predicted_label"":1,""predicted_signal"":""UP"",""probability_up"":0.8403061032295227,""registered_model_name"":""btc-usdt-directional-classifier-consolidated-hourly-24h-transformer"",""registry_version"":""2"",""source"":""champion""},""xgb"":{""accuracy"":0.9791666666666666,""cv_accuracy"":0.9791666666666666,""cv_f1"":0.9787234042553191,""f1"":0.9787234042553191,""family"":""xgb"",""is_current_best"":true,""name"":""XGBoost"",""predicted_label"":1,""predicted_signal"":""UP"",""probability_up"":0.7121325135231018,""registered_model_name"":""btc-usdt-directional-classifier-consolidated-hourly-24h-xgb"",""registry_version"":""1"",""source"":""champion""}}",consolidated-hourly-24h,hourly_24h_always_refresh,
2026-04-28T13:00:00+00:00,hourly_daily,success,2026-04-28T13:00:00+00:00,2026-04-28T12:41:00.550467+00:00,True,XGBoost,xgb,1.0,UP,0.7121325135231018,0.9791666666666666,0.9787234042553192,True,False,btc-usdt-directional-classifier-consolidated-hourly-daily,UP,WIN,False,2026-04-28T12:00:00+00:00,76228.99,76372.05,76372.04,76189.84,"{""lstm"":{""accuracy"":0.75,""cv_accuracy"":0.75,""cv_f1"":0.6842105263157895,""f1"":0.6842105263157895,""family"":""lstm"",""is_current_best"":false,""name"":""LSTM"",""predicted_label"":1,""predicted_signal"":""UP"",""probability_up"":0.7748366594314575,""registered_model_name"":""btc-usdt-directional-classifier-consolidated-hourly-daily-lstm"",""registry_version"":""1"",""source"":""champion""},""mlp_sklearn"":{""accuracy"":0.8333333333333334,""cv_accuracy"":0.8333333333333334,""cv_f1"":0.8181818181818182,""f1"":0.8181818181818182,""family"":""mlp_sklearn"",""is_current_best"":false,""name"":""MLPClassifier"",""predicted_label"":0,""predicted_signal"":""DOWN"",""probability_up"":0.48444652557373047,""registered_model_name"":""btc-usdt-directional-classifier-consolidated-hourly-daily-mlp_sklearn"",""registry_version"":""1"",""source"":""champion""},""nn"":{""accuracy"":0.8333333333333334,""cv_accuracy"":0.8333333333333334,""cv_f1"":0.8260869565217391,""f1"":0.8260869565217391,""family"":""nn"",""is_current_best"":false,""name"":""NN"",""predicted_label"":0,""predicted_signal"":""DOWN"",""probability_up"":0.10401871800422668,""registered_model_name"":""btc-usdt-directional-classifier-consolidated-hourly-daily-nn"",""registry_version"":""1"",""source"":""champion""},""rf"":{""accuracy"":0.8958333333333334,""cv_accuracy"":0.8958333333333334,""cv_f1"":0.8979591836734694,""f1"":0.8979591836734694,""family"":""rf"",""is_current_best"":false,""name"":""RandomForest"",""predicted_label"":1,""predicted_signal"":""UP"",""probability_up"":0.5493391156196594,""registered_model_name"":""btc-usdt-directional-classifier-consolidated-hourly-daily-rf"",""registry_version"":""1"",""source"":""champion""},""transformer"":{""accuracy"":0.5416666666666666,""cv_accuracy"":0.5339829476248478,""cv_f1"":0.5350023248941796,""f1"":0.56,""family"":""transformer"",""is_current_best"":false,""name"":""Transformer"",""predicted_label"":1,""predicted_signal"":""UP"",""probability_up"":0.8403061032295227,""registered_model_name"":""btc-usdt-directional-classifier-consolidated-hourly-daily-transformer"",""registry_version"":""2"",""source"":""champion""},""xgb"":{""accuracy"":0.9791666666666666,""cv_accuracy"":0.9791666666666666,""cv_f1"":0.9787234042553191,""f1"":0.9787234042553191,""family"":""xgb"",""is_current_best"":true,""name"":""XGBoost"",""predicted_label"":1,""predicted_signal"":""UP"",""probability_up"":0.7121325135231018,""registered_model_name"":""btc-usdt-directional-classifier-consolidated-hourly-daily-xgb"",""registry_version"":""1"",""source"":""champion""}}",consolidated-hourly-daily,hourly_prediction_daily_refresh_at_midnight_et,
2026-04-28T13:00:00+00:00,market_hours,success,2026-04-28T13:00:00+00:00,2026-04-28T12:43:36.564164+00:00,False,XGBoost,xgb,1.0,UP,0.7121325135231018,0.9791666666666666,0.9787234042553192,True,False,btc-usdt-directional-classifier-consolidated-market-hours,UP,WIN,False,2026-04-28T12:00:00+00:00,76228.99,76372.05,76372.04,76189.84,"{""lstm"":{""accuracy"":0.75,""cv_accuracy"":0.75,""cv_f1"":0.6842105263157895,""f1"":0.6842105263157895,""family"":""lstm"",""is_current_best"":false,""name"":""LSTM"",""predicted_label"":1,""predicted_signal"":""UP"",""probability_up"":0.7748366594314575,""registered_model_name"":""btc-usdt-directional-classifier-consolidated-market-hours-lstm"",""registry_version"":""1"",""source"":""champion""},""mlp_sklearn"":{""accuracy"":0.8333333333333334,""cv_accuracy"":0.8333333333333334,""cv_f1"":0.8181818181818182,""f1"":0.8181818181818182,""family"":""mlp_sklearn"",""is_current_best"":false,""name"":""MLPClassifier"",""predicted_label"":0,""predicted_signal"":""DOWN"",""probability_up"":0.48444652557373047,""registered_model_name"":""btc-usdt-directional-classifier-consolidated-market-hours-mlp_sklearn"",""registry_version"":""1"",""source"":""champion""},""nn"":{""accuracy"":0.8333333333333334,""cv_accuracy"":0.8333333333333334,""cv_f1"":0.8260869565217391,""f1"":0.8260869565217391,""family"":""nn"",""is_current_best"":false,""name"":""NN"",""predicted_label"":0,""predicted_signal"":""DOWN"",""probability_up"":0.10401871800422668,""registered_model_name"":""btc-usdt-directional-classifier-consolidated-market-hours-nn"",""registry_version"":""1"",""source"":""champion""},""rf"":{""accuracy"":0.8958333333333334,""cv_accuracy"":0.8958333333333334,""cv_f1"":0.8979591836734694,""f1"":0.8979591836734694,""family"":""rf"",""is_current_best"":false,""name"":""RandomForest"",""predicted_label"":1,""predicted_signal"":""UP"",""probability_up"":0.5493391156196594,""registered_model_name"":""btc-usdt-directional-classifier-consolidated-market-hours-rf"",""registry_version"":""1"",""source"":""champion""},""transformer"":{""accuracy"":0.5416666666666666,""cv_accuracy"":0.5339829476248478,""cv_f1"":0.5350023248941796,""f1"":0.56,""family"":""transformer"",""is_current_best"":false,""name"":""Transformer"",""predicted_label"":1,""predicted_signal"":""UP"",""probability_up"":0.8403061032295227,""registered_model_name"":""btc-usdt-directional-classifier-consolidated-market-hours-transformer"",""registry_version"":""2"",""source"":""champion""},""xgb"":{""accuracy"":0.9791666666666666,""cv_accuracy"":0.9791666666666666,""cv_f1"":0.9787234042553191,""f1"":0.9787234042553191,""family"":""xgb"",""is_current_best"":true,""name"":""XGBoost"",""predicted_label"":1,""predicted_signal"":""UP"",""probability_up"":0.7121325135231018,""registered_model_name"":""btc-usdt-directional-classifier-consolidated-market-hours-xgb"",""registry_version"":""1"",""source"":""champion""}}",consolidated-market-hours,hourly_prediction_market_hours_only,
2026-04-28T13:00:00+00:00,market_hours_daily,success,2026-04-28T13:00:00+00:00,2026-04-28T12:46:17.595503+00:00,True,XGBoost,xgb,1.0,UP,0.7121325135231018,0.9791666666666666,0.9787234042553192,True,False,btc-usdt-directional-classifier-consolidated-market-hours-daily,UP,WIN,False,2026-04-28T12:00:00+00:00,76228.99,76372.05,76372.04,76189.84,"{""lstm"":{""accuracy"":0.75,""cv_accuracy"":0.75,""cv_f1"":0.6842105263157895,""f1"":0.6842105263157895,""family"":""lstm"",""is_current_best"":false,""name"":""LSTM"",""predicted_label"":1,""predicted_signal"":""UP"",""probability_up"":0.7748366594314575,""registered_model_name"":""btc-usdt-directional-classifier-consolidated-market-hours-daily-lstm"",""registry_version"":""1"",""source"":""champion""},""mlp_sklearn"":{""accuracy"":0.8333333333333334,""cv_accuracy"":0.8333333333333334,""cv_f1"":0.8181818181818182,""f1"":0.8181818181818182,""family"":""mlp_sklearn"",""is_current_best"":false,""name"":""MLPClassifier"",""predicted_label"":0,""predicted_signal"":""DOWN"",""probability_up"":0.48444652557373047,""registered_model_name"":""btc-usdt-directional-classifier-consolidated-market-hours-daily-mlp_sklearn"",""registry_version"":""1"",""source"":""champion""},""nn"":{""accuracy"":0.8333333333333334,""cv_accuracy"":0.8333333333333334,""cv_f1"":0.8260869565217391,""f1"":0.8260869565217391,""family"":""nn"",""is_current_best"":false,""name"":""NN"",""predicted_label"":0,""predicted_signal"":""DOWN"",""probability_up"":0.10401871800422668,""registered_model_name"":""btc-usdt-directional-classifier-consolidated-market-hours-daily-nn"",""registry_version"":""1"",""source"":""champion""},""rf"":{""accuracy"":0.8958333333333334,""cv_accuracy"":0.8958333333333334,""cv_f1"":0.8979591836734694,""f1"":0.8979591836734694,""family"":""rf"",""is_current_best"":false,""name"":""RandomForest"",""predicted_label"":1,""predicted_signal"":""UP"",""probability_up"":0.5493391156196594,""registered_model_name"":""btc-usdt-directional-classifier-consolidated-market-hours-daily-rf"",""registry_version"":""1"",""source"":""champion""},""transformer"":{""accuracy"":0.5416666666666666,""cv_accuracy"":0.5339829476248478,""cv_f1"":0.5350023248941796,""f1"":0.56,""family"":""transformer"",""is_current_best"":false,""name"":""Transformer"",""predicted_label"":1,""predicted_signal"":""UP"",""probability_up"":0.8403061032295227,""registered_model_name"":""btc-usdt-directional-classifier-consolidated-market-hours-daily-transformer"",""registry_version"":""2"",""source"":""champion""},""xgb"":{""accuracy"":0.9791666666666666,""cv_accuracy"":0.9791666666666666,""cv_f1"":0.9787234042553191,""f1"":0.9787234042553191,""family"":""xgb"",""is_current_best"":true,""name"":""XGBoost"",""predicted_label"":1,""predicted_signal"":""UP"",""probability_up"":0.7121325135231018,""registered_model_name"":""btc-usdt-directional-classifier-consolidated-market-hours-daily-xgb"",""registry_version"":""1"",""source"":""champion""}}",consolidated-market-hours-daily,market_hours_prediction_same_day_refresh,
2026-04-28T16:00:00+00:00,hourly_24h,success,2026-04-28T16:00:00+00:00,2026-04-28T15:39:26.726503+00:00,False,XGBoost,xgb,1.0,DOWN,0.4115050733089447,0.9375,0.9333333333333332,False,False,btc-usdt-directional-classifier-consolidated-hourly-24h,UP,LOSS,False,2026-04-28T15:00:00+00:00,75950.0,76066.38,76066.37,76125.04,"{""lstm"":{""accuracy"":0.7291666666666666,""cv_accuracy"":0.7291666666666666,""cv_f1"":0.6486486486486487,""f1"":0.6486486486486487,""family"":""lstm"",""is_current_best"":false,""name"":""LSTM"",""predicted_label"":0,""predicted_signal"":""DOWN"",""probability_up"":0.27778536081314087,""registered_model_name"":""btc-usdt-directional-classifier-consolidated-hourly-24h-lstm"",""registry_version"":""1"",""source"":""champion""},""mlp_sklearn"":{""accuracy"":0.8333333333333334,""cv_accuracy"":0.8333333333333334,""cv_f1"":0.8095238095238095,""f1"":0.8095238095238095,""family"":""mlp_sklearn"",""is_current_best"":false,""name"":""MLPClassifier"",""predicted_label"":0,""predicted_signal"":""DOWN"",""probability_up"":0.036862846463918686,""registered_model_name"":""btc-usdt-directional-classifier-consolidated-hourly-24h-mlp_sklearn"",""registry_version"":""1"",""source"":""champion""},""nn"":{""accuracy"":0.8333333333333334,""cv_accuracy"":0.8333333333333334,""cv_f1"":0.8181818181818182,""f1"":0.8181818181818182,""family"":""nn"",""is_current_best"":false,""name"":""NN"",""predicted_label"":1,""predicted_signal"":""UP"",""probability_up"":0.9750639796257019,""registered_model_name"":""btc-usdt-directional-classifier-consolidated-hourly-24h-nn"",""registry_version"":""1"",""source"":""champion""},""rf"":{""accuracy"":0.875,""cv_accuracy"":0.875,""cv_f1"":0.875,""f1"":0.875,""family"":""rf"",""is_current_best"":false,""name"":""RandomForest"",""predicted_label"":0,""predicted_signal"":""DOWN"",""probability_up"":0.48385292291641235,""registered_model_name"":""btc-usdt-directional-classifier-consolidated-hourly-24h-rf"",""registry_version"":""1"",""source"":""champion""},""transformer"":{""accuracy"":0.8125,""cv_accuracy"":0.8125,""cv_f1"":0.8085106382978723,""f1"":0.8085106382978723,""family"":""transformer"",""is_current_best"":false,""name"":""Transformer"",""predicted_label"":1,""predicted_signal"":""UP"",""probability_up"":0.5444077253341675,""registered_model_name"":""btc-usdt-directional-classifier-consolidated-hourly-24h-transformer"",""registry_version"":""2"",""source"":""champion""},""xgb"":{""accuracy"":0.9375,""cv_accuracy"":0.9375,""cv_f1"":0.9333333333333333,""f1"":0.9333333333333333,""family"":""xgb"",""is_current_best"":true,""name"":""XGBoost"",""predicted_label"":0,""predicted_signal"":""DOWN"",""probability_up"":0.4115050733089447,""registered_model_name"":""btc-usdt-directional-classifier-consolidated-hourly-24h-xgb"",""registry_version"":""1"",""source"":""champion""}}",consolidated-hourly-24h,hourly_24h_always_refresh,
2026-04-28T16:00:00+00:00,hourly_daily,success,2026-04-28T16:00:00+00:00,2026-04-28T15:41:21.844663+00:00,True,XGBoost,xgb,1.0,DOWN,0.4115050733089447,0.9375,0.9333333333333332,False,False,btc-usdt-directional-classifier-consolidated-hourly-daily,UP,LOSS,False,2026-04-28T15:00:00+00:00,75950.0,76066.38,76066.37,76125.04,"{""lstm"":{""accuracy"":0.7291666666666666,""cv_accuracy"":0.7291666666666666,""cv_f1"":0.6486486486486487,""f1"":0.6486486486486487,""family"":""lstm"",""is_current_best"":false,""name"":""LSTM"",""predicted_label"":0,""predicted_signal"":""DOWN"",""probability_up"":0.27778536081314087,""registered_model_name"":""btc-usdt-directional-classifier-consolidated-hourly-daily-lstm"",""registry_version"":""1"",""source"":""champion""},""mlp_sklearn"":{""accuracy"":0.8333333333333334,""cv_accuracy"":0.8333333333333334,""cv_f1"":0.8095238095238095,""f1"":0.8095238095238095,""family"":""mlp_sklearn"",""is_current_best"":false,""name"":""MLPClassifier"",""predicted_label"":0,""predicted_signal"":""DOWN"",""probability_up"":0.036862846463918686,""registered_model_name"":""btc-usdt-directional-classifier-consolidated-hourly-daily-mlp_sklearn"",""registry_version"":""1"",""source"":""champion""},""nn"":{""accuracy"":0.8333333333333334,""cv_accuracy"":0.8333333333333334,""cv_f1"":0.8181818181818182,""f1"":0.8181818181818182,""family"":""nn"",""is_current_best"":false,""name"":""NN"",""predicted_label"":1,""predicted_signal"":""UP"",""probability_up"":0.9750639796257019,""registered_model_name"":""btc-usdt-directional-classifier-consolidated-hourly-daily-nn"",""registry_version"":""1"",""source"":""champion""},""rf"":{""accuracy"":0.875,""cv_accuracy"":0.875,""cv_f1"":0.875,""f1"":0.875,""family"":""rf"",""is_current_best"":false,""name"":""RandomForest"",""predicted_label"":0,""predicted_signal"":""DOWN"",""probability_up"":0.48385292291641235,""registered_model_name"":""btc-usdt-directional-classifier-consolidated-hourly-daily-rf"",""registry_version"":""1"",""source"":""champion""},""transformer"":{""accuracy"":0.8125,""cv_accuracy"":0.8125,""cv_f1"":0.8085106382978723,""f1"":0.8085106382978723,""family"":""transformer"",""is_current_best"":false,""name"":""Transformer"",""predicted_label"":1,""predicted_signal"":""UP"",""probability_up"":0.5444077253341675,""registered_model_name"":""btc-usdt-directional-classifier-consolidated-hourly-daily-transformer"",""registry_version"":""2"",""source"":""champion""},""xgb"":{""accuracy"":0.9375,""cv_accuracy"":0.9375,""cv_f1"":0.9333333333333333,""f1"":0.9333333333333333,""family"":""xgb"",""is_current_best"":true,""name"":""XGBoost"",""predicted_label"":0,""predicted_signal"":""DOWN"",""probability_up"":0.4115050733089447,""registered_model_name"":""btc-usdt-directional-classifier-consolidated-hourly-daily-xgb"",""registry_version"":""1"",""source"":""champion""}}",consolidated-hourly-daily,hourly_prediction_daily_refresh_at_midnight_et,
2026-04-28T16:00:00+00:00,market_hours,success,2026-04-28T16:00:00+00:00,2026-04-28T15:43:27.767518+00:00,False,XGBoost,xgb,1.0,DOWN,0.4115050733089447,0.9375,0.9333333333333332,False,False,btc-usdt-directional-classifier-consolidated-market-hours,UP,LOSS,False,2026-04-28T15:00:00+00:00,75950.0,76066.38,76066.37,76125.04,"{""lstm"":{""accuracy"":0.7291666666666666,""cv_accuracy"":0.7291666666666666,""cv_f1"":0.6486486486486487,""f1"":0.6486486486486487,""family"":""lstm"",""is_current_best"":false,""name"":""LSTM"",""predicted_label"":0,""predicted_signal"":""DOWN"",""probability_up"":0.27778536081314087,""registered_model_name"":""btc-usdt-directional-classifier-consolidated-market-hours-lstm"",""registry_version"":""1"",""source"":""champion""},""mlp_sklearn"":{""accuracy"":0.8333333333333334,""cv_accuracy"":0.8333333333333334,""cv_f1"":0.8095238095238095,""f1"":0.8095238095238095,""family"":""mlp_sklearn"",""is_current_best"":false,""name"":""MLPClassifier"",""predicted_label"":0,""predicted_signal"":""DOWN"",""probability_up"":0.036862846463918686,""registered_model_name"":""btc-usdt-directional-classifier-consolidated-market-hours-mlp_sklearn"",""registry_version"":""1"",""source"":""champion""},""nn"":{""accuracy"":0.8333333333333334,""cv_accuracy"":0.8333333333333334,""cv_f1"":0.8181818181818182,""f1"":0.8181818181818182,""family"":""nn"",""is_current_best"":false,""name"":""NN"",""predicted_label"":1,""predicted_signal"":""UP"",""probability_up"":0.9750639796257019,""registered_model_name"":""btc-usdt-directional-classifier-consolidated-market-hours-nn"",""registry_version"":""1"",""source"":""champion""},""rf"":{""accuracy"":0.875,""cv_accuracy"":0.875,""cv_f1"":0.875,""f1"":0.875,""family"":""rf"",""is_current_best"":false,""name"":""RandomForest"",""predicted_label"":0,""predicted_signal"":""DOWN"",""probability_up"":0.48385292291641235,""registered_model_name"":""btc-usdt-directional-classifier-consolidated-market-hours-rf"",""registry_version"":""1"",""source"":""champion""},""transformer"":{""accuracy"":0.8125,""cv_accuracy"":0.8125,""cv_f1"":0.8085106382978723,""f1"":0.8085106382978723,""family"":""transformer"",""is_current_best"":false,""name"":""Transformer"",""predicted_label"":1,""predicted_signal"":""UP"",""probability_up"":0.5444077253341675,""registered_model_name"":""btc-usdt-directional-classifier-consolidated-market-hours-transformer"",""registry_version"":""2"",""source"":""champion""},""xgb"":{""accuracy"":0.9375,""cv_accuracy"":0.9375,""cv_f1"":0.9333333333333333,""f1"":0.9333333333333333,""family"":""xgb"",""is_current_best"":true,""name"":""XGBoost"",""predicted_label"":0,""predicted_signal"":""DOWN"",""probability_up"":0.4115050733089447,""registered_model_name"":""btc-usdt-directional-classifier-consolidated-market-hours-xgb"",""registry_version"":""1"",""source"":""champion""}}",consolidated-market-hours,hourly_prediction_market_hours_only,
2026-04-28T16:00:00+00:00,market_hours_daily,success,2026-04-28T16:00:00+00:00,2026-04-28T15:45:26.409580+00:00,True,XGBoost,xgb,1.0,DOWN,0.4115050733089447,0.9375,0.9333333333333332,False,False,btc-usdt-directional-classifier-consolidated-market-hours-daily,UP,LOSS,False,2026-04-28T15:00:00+00:00,75950.0,76066.38,76066.37,76125.04,"{""lstm"":{""accuracy"":0.7291666666666666,""cv_accuracy"":0.7291666666666666,""cv_f1"":0.6486486486486487,""f1"":0.6486486486486487,""family"":""lstm"",""is_current_best"":false,""name"":""LSTM"",""predicted_label"":0,""predicted_signal"":""DOWN"",""probability_up"":0.27778536081314087,""registered_model_name"":""btc-usdt-directional-classifier-consolidated-market-hours-daily-lstm"",""registry_version"":""1"",""source"":""champion""},""mlp_sklearn"":{""accuracy"":0.8333333333333334,""cv_accuracy"":0.8333333333333334,""cv_f1"":0.8095238095238095,""f1"":0.8095238095238095,""family"":""mlp_sklearn"",""is_current_best"":false,""name"":""MLPClassifier"",""predicted_label"":0,""predicted_signal"":""DOWN"",""probability_up"":0.036862846463918686,""registered_model_name"":""btc-usdt-directional-classifier-consolidated-market-hours-daily-mlp_sklearn"",""registry_version"":""1"",""source"":""champion""},""nn"":{""accuracy"":0.8333333333333334,""cv_accuracy"":0.8333333333333334,""cv_f1"":0.8181818181818182,""f1"":0.8181818181818182,""family"":""nn"",""is_current_best"":false,""name"":""NN"",""predicted_label"":1,""predicted_signal"":""UP"",""probability_up"":0.9750639796257019,""registered_model_name"":""btc-usdt-directional-classifier-consolidated-market-hours-daily-nn"",""registry_version"":""1"",""source"":""champion""},""rf"":{""accuracy"":0.875,""cv_accuracy"":0.875,""cv_f1"":0.875,""f1"":0.875,""family"":""rf"",""is_current_best"":false,""name"":""RandomForest"",""predicted_label"":0,""predicted_signal"":""DOWN"",""probability_up"":0.48385292291641235,""registered_model_name"":""btc-usdt-directional-classifier-consolidated-market-hours-daily-rf"",""registry_version"":""1"",""source"":""champion""},""transformer"":{""accuracy"":0.8125,""cv_accuracy"":0.8125,""cv_f1"":0.8085106382978723,""f1"":0.8085106382978723,""family"":""transformer"",""is_current_best"":false,""name"":""Transformer"",""predicted_label"":1,""predicted_signal"":""UP"",""probability_up"":0.5444077253341675,""registered_model_name"":""btc-usdt-directional-classifier-consolidated-market-hours-daily-transformer"",""registry_version"":""2"",""source"":""champion""},""xgb"":{""accuracy"":0.9375,""cv_accuracy"":0.9375,""cv_f1"":0.9333333333333333,""f1"":0.9333333333333333,""family"":""xgb"",""is_current_best"":true,""name"":""XGBoost"",""predicted_label"":0,""predicted_signal"":""DOWN"",""probability_up"":0.4115050733089447,""registered_model_name"":""btc-usdt-directional-classifier-consolidated-market-hours-daily-xgb"",""registry_version"":""1"",""source"":""champion""}}",consolidated-market-hours-daily,market_hours_prediction_same_day_refresh,
2026-04-28T17:00:00+00:00,hourly_24h,success,2026-04-28T17:00:00+00:00,2026-04-28T16:45:12.317676+00:00,False,RandomForest,rf,1.0,DOWN,0.4773062765598297,0.875,0.8636363636363636,False,False,btc-dir-consolidated-hourly-24h,UP,LOSS,False,2026-04-28T16:00:00+00:00,76066.37,76125.04,76125.04,76187.3,"{""lstm"":{""accuracy"":0.7083333333333334,""cv_accuracy"":0.7083333333333334,""cv_f1"":0.6666666666666666,""f1"":0.6666666666666666,""family"":""lstm"",""is_current_best"":false,""name"":""LSTM"",""predicted_label"":1,""predicted_signal"":""UP"",""probability_up"":0.7388338446617126,""registered_model_name"":""btc-dir-consolidated-hourly-24h-lstm"",""registry_version"":""1"",""source"":""champion""},""mlp_sklearn"":{""accuracy"":0.625,""cv_accuracy"":0.625,""cv_f1"":0.625,""f1"":0.625,""family"":""mlp_sklearn"",""is_current_best"":false,""name"":""MLPClassifier"",""predicted_label"":0,""predicted_signal"":""DOWN"",""probability_up"":0.4884668290615082,""registered_model_name"":""btc-dir-consolidated-hourly-24h-mlp_sklearn"",""registry_version"":""1"",""source"":""champion""},""nn"":{""accuracy"":0.8125,""cv_accuracy"":0.8125,""cv_f1"":0.7906976744186046,""f1"":0.7906976744186046,""family"":""nn"",""is_current_best"":false,""name"":""NN"",""predicted_label"":1,""predicted_signal"":""UP"",""probability_up"":0.7973065972328186,""registered_model_name"":""btc-dir-consolidated-hourly-24h-nn"",""registry_version"":""1"",""source"":""champion""},""rf"":{""accuracy"":0.875,""cv_accuracy"":0.875,""cv_f1"":0.8636363636363636,""f1"":0.8636363636363636,""family"":""rf"",""is_current_best"":true,""name"":""RandomForest"",""predicted_label"":0,""predicted_signal"":""DOWN"",""probability_up"":0.4773062765598297,""registered_model_name"":""btc-dir-consolidated-hourly-24h-rf"",""registry_version"":""1"",""source"":""champion""},""transformer"":{""accuracy"":0.6875,""cv_accuracy"":0.6875,""cv_f1"":0.6511627906976745,""f1"":0.6511627906976745,""family"":""transformer"",""is_current_best"":false,""name"":""Transformer"",""predicted_label"":1,""predicted_signal"":""UP"",""probability_up"":0.5177499055862427,""registered_model_name"":""btc-dir-consolidated-hourly-24h-transformer"",""registry_version"":""1"",""source"":""champion""},""xgb"":{""accuracy"":0.8125,""cv_accuracy"":0.8125,""cv_f1"":0.7906976744186046,""f1"":0.7906976744186046,""family"":""xgb"",""is_current_best"":false,""name"":""XGBoost"",""predicted_label"":0,""predicted_signal"":""DOWN"",""probability_up"":0.24971769750118256,""registered_model_name"":""btc-dir-consolidated-hourly-24h-xgb"",""registry_version"":""1"",""source"":""champion""}}",consolidated-hourly-24h,hourly_24h_always_refresh,
2026-04-28T17:00:00+00:00,hourly_daily,success,2026-04-28T17:00:00+00:00,2026-04-28T16:45:20.275677+00:00,True,RandomForest,rf,1.0,DOWN,0.4773062765598297,0.875,0.8636363636363636,False,False,btc-dir-consolidated-hourly-daily,UP,LOSS,False,2026-04-28T16:00:00+00:00,76066.37,76125.04,76125.04,76187.3,"{""lstm"":{""accuracy"":0.7083333333333334,""cv_accuracy"":0.7083333333333334,""cv_f1"":0.6666666666666666,""f1"":0.6666666666666666,""family"":""lstm"",""is_current_best"":false,""name"":""LSTM"",""predicted_label"":1,""predicted_signal"":""UP"",""probability_up"":0.7388338446617126,""registered_model_name"":""btc-dir-consolidated-hourly-daily-lstm"",""registry_version"":""1"",""source"":""champion""},""mlp_sklearn"":{""accuracy"":0.625,""cv_accuracy"":0.625,""cv_f1"":0.625,""f1"":0.625,""family"":""mlp_sklearn"",""is_current_best"":false,""name"":""MLPClassifier"",""predicted_label"":0,""predicted_signal"":""DOWN"",""probability_up"":0.4884668290615082,""registered_model_name"":""btc-dir-consolidated-hourly-daily-mlp_sklearn"",""registry_version"":""1"",""source"":""champion""},""nn"":{""accuracy"":0.8125,""cv_accuracy"":0.8125,""cv_f1"":0.7906976744186046,""f1"":0.7906976744186046,""family"":""nn"",""is_current_best"":false,""name"":""NN"",""predicted_label"":1,""predicted_signal"":""UP"",""probability_up"":0.7973065972328186,""registered_model_name"":""btc-dir-consolidated-hourly-daily-nn"",""registry_version"":""1"",""source"":""champion""},""rf"":{""accuracy"":0.875,""cv_accuracy"":0.875,""cv_f1"":0.8636363636363636,""f1"":0.8636363636363636,""family"":""rf"",""is_current_best"":true,""name"":""RandomForest"",""predicted_label"":0,""predicted_signal"":""DOWN"",""probability_up"":0.4773062765598297,""registered_model_name"":""btc-dir-consolidated-hourly-daily-rf"",""registry_version"":""1"",""source"":""champion""},""transformer"":{""accuracy"":0.6875,""cv_accuracy"":0.6875,""cv_f1"":0.6511627906976745,""f1"":0.6511627906976745,""family"":""transformer"",""is_current_best"":false,""name"":""Transformer"",""predicted_label"":1,""predicted_signal"":""UP"",""probability_up"":0.5177499055862427,""registered_model_name"":""btc-dir-consolidated-hourly-daily-transformer"",""registry_version"":""1"",""source"":""champion""},""xgb"":{""accuracy"":0.8125,""cv_accuracy"":0.8125,""cv_f1"":0.7906976744186046,""f1"":0.7906976744186046,""family"":""xgb"",""is_current_best"":false,""name"":""XGBoost"",""predicted_label"":0,""predicted_signal"":""DOWN"",""probability_up"":0.24971769750118256,""registered_model_name"":""btc-dir-consolidated-hourly-daily-xgb"",""registry_version"":""1"",""source"":""champion""}}",consolidated-hourly-daily,hourly_prediction_daily_refresh_at_midnight_et,
2026-04-28T17:00:00+00:00,market_hours,success,2026-04-28T17:00:00+00:00,2026-04-28T16:45:28.353365+00:00,False,RandomForest,rf,1.0,DOWN,0.4773062765598297,0.875,0.8636363636363636,False,False,btc-dir-consolidated-market-hours,UP,LOSS,False,2026-04-28T16:00:00+00:00,76066.37,76125.04,76125.04,76187.3,"{""lstm"":{""accuracy"":0.7083333333333334,""cv_accuracy"":0.7083333333333334,""cv_f1"":0.6666666666666666,""f1"":0.6666666666666666,""family"":""lstm"",""is_current_best"":false,""name"":""LSTM"",""predicted_label"":1,""predicted_signal"":""UP"",""probability_up"":0.7388338446617126,""registered_model_name"":""btc-dir-consolidated-market-hours-lstm"",""registry_version"":""1"",""source"":""champion""},""mlp_sklearn"":{""accuracy"":0.625,""cv_accuracy"":0.625,""cv_f1"":0.625,""f1"":0.625,""family"":""mlp_sklearn"",""is_current_best"":false,""name"":""MLPClassifier"",""predicted_label"":0,""predicted_signal"":""DOWN"",""probability_up"":0.4884668290615082,""registered_model_name"":""btc-dir-consolidated-market-hours-mlp_sklearn"",""registry_version"":""1"",""source"":""champion""},""nn"":{""accuracy"":0.8125,""cv_accuracy"":0.8125,""cv_f1"":0.7906976744186046,""f1"":0.7906976744186046,""family"":""nn"",""is_current_best"":false,""name"":""NN"",""predicted_label"":1,""predicted_signal"":""UP"",""probability_up"":0.7973065972328186,""registered_model_name"":""btc-dir-consolidated-market-hours-nn"",""registry_version"":""1"",""source"":""champion""},""rf"":{""accuracy"":0.875,""cv_accuracy"":0.875,""cv_f1"":0.8636363636363636,""f1"":0.8636363636363636,""family"":""rf"",""is_current_best"":true,""name"":""RandomForest"",""predicted_label"":0,""predicted_signal"":""DOWN"",""probability_up"":0.4773062765598297,""registered_model_name"":""btc-dir-consolidated-market-hours-rf"",""registry_version"":""1"",""source"":""champion""},""transformer"":{""accuracy"":0.6875,""cv_accuracy"":0.6875,""cv_f1"":0.6511627906976745,""f1"":0.6511627906976745,""family"":""transformer"",""is_current_best"":false,""name"":""Transformer"",""predicted_label"":1,""predicted_signal"":""UP"",""probability_up"":0.5177499055862427,""registered_model_name"":""btc-dir-consolidated-market-hours-transformer"",""registry_version"":""1"",""source"":""champion""},""xgb"":{""accuracy"":0.8125,""cv_accuracy"":0.8125,""cv_f1"":0.7906976744186046,""f1"":0.7906976744186046,""family"":""xgb"",""is_current_best"":false,""name"":""XGBoost"",""predicted_label"":0,""predicted_signal"":""DOWN"",""probability_up"":0.24971769750118256,""registered_model_name"":""btc-dir-consolidated-market-hours-xgb"",""registry_version"":""1"",""source"":""champion""}}",consolidated-market-hours,hourly_prediction_market_hours_only,
2026-04-28T17:00:00+00:00,market_hours_daily,success,2026-04-28T17:00:00+00:00,2026-04-28T16:45:36.313589+00:00,True,RandomForest,rf,1.0,DOWN,0.4773062765598297,0.875,0.8636363636363636,False,False,btc-dir-consolidated-market-hours-daily,UP,LOSS,False,2026-04-28T16:00:00+00:00,76066.37,76125.04,76125.04,76187.3,"{""lstm"":{""accuracy"":0.7083333333333334,""cv_accuracy"":0.7083333333333334,""cv_f1"":0.6666666666666666,""f1"":0.6666666666666666,""family"":""lstm"",""is_current_best"":false,""name"":""LSTM"",""predicted_label"":1,""predicted_signal"":""UP"",""probability_up"":0.7388338446617126,""registered_model_name"":""btc-dir-consolidated-market-hours-daily-lstm"",""registry_version"":""1"",""source"":""champion""},""mlp_sklearn"":{""accuracy"":0.625,""cv_accuracy"":0.625,""cv_f1"":0.625,""f1"":0.625,""family"":""mlp_sklearn"",""is_current_best"":false,""name"":""MLPClassifier"",""predicted_label"":0,""predicted_signal"":""DOWN"",""probability_up"":0.4884668290615082,""registered_model_name"":""btc-dir-consolidated-market-hours-daily-mlp_sklearn"",""registry_version"":""1"",""source"":""champion""},""nn"":{""accuracy"":0.8125,""cv_accuracy"":0.8125,""cv_f1"":0.7906976744186046,""f1"":0.7906976744186046,""family"":""nn"",""is_current_best"":false,""name"":""NN"",""predicted_label"":1,""predicted_signal"":""UP"",""probability_up"":0.7973065972328186,""registered_model_name"":""btc-dir-consolidated-market-hours-daily-nn"",""registry_version"":""1"",""source"":""champion""},""rf"":{""accuracy"":0.875,""cv_accuracy"":0.875,""cv_f1"":0.8636363636363636,""f1"":0.8636363636363636,""family"":""rf"",""is_current_best"":true,""name"":""RandomForest"",""predicted_label"":0,""predicted_signal"":""DOWN"",""probability_up"":0.4773062765598297,""registered_model_name"":""btc-dir-consolidated-market-hours-daily-rf"",""registry_version"":""1"",""source"":""champion""},""transformer"":{""accuracy"":0.6875,""cv_accuracy"":0.6875,""cv_f1"":0.6511627906976745,""f1"":0.6511627906976745,""family"":""transformer"",""is_current_best"":false,""name"":""Transformer"",""predicted_label"":1,""predicted_signal"":""UP"",""probability_up"":0.5177499055862427,""registered_model_name"":""btc-dir-consolidated-market-hours-daily-transformer"",""registry_version"":""1"",""source"":""champion""},""xgb"":{""accuracy"":0.8125,""cv_accuracy"":0.8125,""cv_f1"":0.7906976744186046,""f1"":0.7906976744186046,""family"":""xgb"",""is_current_best"":false,""name"":""XGBoost"",""predicted_label"":0,""predicted_signal"":""DOWN"",""probability_up"":0.24971769750118256,""registered_model_name"":""btc-dir-consolidated-market-hours-daily-xgb"",""registry_version"":""1"",""source"":""champion""}}",consolidated-market-hours-daily,market_hours_prediction_same_day_refresh,
2026-04-28T18:00:00+00:00,hourly_24h,success,2026-04-28T18:00:00+00:00,2026-04-28T17:45:12.254271+00:00,False,RandomForest,rf,1.0,DOWN,0.4702234864234924,0.875,0.8571428571428571,False,False,btc-dir-consolidated-hourly-24h,UP,LOSS,False,2026-04-28T17:00:00+00:00,76125.04,76187.3,76187.3,76157.8,"{""lstm"":{""accuracy"":0.6875,""cv_accuracy"":0.6875,""cv_f1"":0.6341463414634146,""f1"":0.6341463414634146,""family"":""lstm"",""is_current_best"":false,""name"":""LSTM"",""predicted_label"":1,""predicted_signal"":""UP"",""probability_up"":0.5507138967514038,""registered_model_name"":""btc-dir-consolidated-hourly-24h-lstm"",""registry_version"":""1"",""source"":""champion""},""mlp_sklearn"":{""accuracy"":0.625,""cv_accuracy"":0.625,""cv_f1"":0.6086956521739131,""f1"":0.6086956521739131,""family"":""mlp_sklearn"",""is_current_best"":false,""name"":""MLPClassifier"",""predicted_label"":1,""predicted_signal"":""UP"",""probability_up"":0.5258814096450806,""registered_model_name"":""btc-dir-consolidated-hourly-24h-mlp_sklearn"",""registry_version"":""1"",""source"":""champion""},""nn"":{""accuracy"":0.7916666666666666,""cv_accuracy"":0.7916666666666666,""cv_f1"":0.7619047619047619,""f1"":0.7619047619047619,""family"":""nn"",""is_current_best"":false,""name"":""NN"",""predicted_label"":0,""predicted_signal"":""DOWN"",""probability_up"":0.41135892271995544,""registered_model_name"":""btc-dir-consolidated-hourly-24h-nn"",""registry_version"":""1"",""source"":""champion""},""rf"":{""accuracy"":0.875,""cv_accuracy"":0.875,""cv_f1"":0.8571428571428571,""f1"":0.8571428571428571,""family"":""rf"",""is_current_best"":true,""name"":""RandomForest"",""predicted_label"":0,""predicted_signal"":""DOWN"",""probability_up"":0.47022348642349243,""registered_model_name"":""btc-dir-consolidated-hourly-24h-rf"",""registry_version"":""1"",""source"":""champion""},""transformer"":{""accuracy"":0.6875,""cv_accuracy"":0.6875,""cv_f1"":0.6341463414634146,""f1"":0.6341463414634146,""family"":""transformer"",""is_current_best"":false,""name"":""Transformer"",""predicted_label"":1,""predicted_signal"":""UP"",""probability_up"":0.5374756455421448,""registered_model_name"":""btc-dir-consolidated-hourly-24h-transformer"",""registry_version"":""1"",""source"":""champion""},""xgb"":{""accuracy"":0.8125,""cv_accuracy"":0.8125,""cv_f1"":0.7804878048780488,""f1"":0.7804878048780488,""family"":""xgb"",""is_current_best"":false,""name"":""XGBoost"",""predicted_label"":0,""predicted_signal"":""DOWN"",""probability_up"":0.45074695348739624,""registered_model_name"":""btc-dir-consolidated-hourly-24h-xgb"",""registry_version"":""1"",""source"":""champion""}}",consolidated-hourly-24h,hourly_24h_always_refresh,
2026-04-28T18:00:00+00:00,hourly_daily,success,2026-04-28T18:00:00+00:00,2026-04-28T17:45:20.251325+00:00,True,RandomForest,rf,1.0,DOWN,0.4702234864234924,0.875,0.8571428571428571,False,False,btc-dir-consolidated-hourly-daily,UP,LOSS,False,2026-04-28T17:00:00+00:00,76125.04,76187.3,76187.3,76157.8,"{""lstm"":{""accuracy"":0.6875,""cv_accuracy"":0.6875,""cv_f1"":0.6341463414634146,""f1"":0.6341463414634146,""family"":""lstm"",""is_current_best"":false,""name"":""LSTM"",""predicted_label"":1,""predicted_signal"":""UP"",""probability_up"":0.5507138967514038,""registered_model_name"":""btc-dir-consolidated-hourly-daily-lstm"",""registry_version"":""1"",""source"":""champion""},""mlp_sklearn"":{""accuracy"":0.625,""cv_accuracy"":0.625,""cv_f1"":0.6086956521739131,""f1"":0.6086956521739131,""family"":""mlp_sklearn"",""is_current_best"":false,""name"":""MLPClassifier"",""predicted_label"":1,""predicted_signal"":""UP"",""probability_up"":0.5258814096450806,""registered_model_name"":""btc-dir-consolidated-hourly-daily-mlp_sklearn"",""registry_version"":""1"",""source"":""champion""},""nn"":{""accuracy"":0.7916666666666666,""cv_accuracy"":0.7916666666666666,""cv_f1"":0.7619047619047619,""f1"":0.7619047619047619,""family"":""nn"",""is_current_best"":false,""name"":""NN"",""predicted_label"":0,""predicted_signal"":""DOWN"",""probability_up"":0.41135892271995544,""registered_model_name"":""btc-dir-consolidated-hourly-daily-nn"",""registry_version"":""1"",""source"":""champion""},""rf"":{""accuracy"":0.875,""cv_accuracy"":0.875,""cv_f1"":0.8571428571428571,""f1"":0.8571428571428571,""family"":""rf"",""is_current_best"":true,""name"":""RandomForest"",""predicted_label"":0,""predicted_signal"":""DOWN"",""probability_up"":0.47022348642349243,""registered_model_name"":""btc-dir-consolidated-hourly-daily-rf"",""registry_version"":""1"",""source"":""champion""},""transformer"":{""accuracy"":0.6875,""cv_accuracy"":0.6875,""cv_f1"":0.6341463414634146,""f1"":0.6341463414634146,""family"":""transformer"",""is_current_best"":false,""name"":""Transformer"",""predicted_label"":1,""predicted_signal"":""UP"",""probability_up"":0.5374756455421448,""registered_model_name"":""btc-dir-consolidated-hourly-daily-transformer"",""registry_version"":""1"",""source"":""champion""},""xgb"":{""accuracy"":0.8125,""cv_accuracy"":0.8125,""cv_f1"":0.7804878048780488,""f1"":0.7804878048780488,""family"":""xgb"",""is_current_best"":false,""name"":""XGBoost"",""predicted_label"":0,""predicted_signal"":""DOWN"",""probability_up"":0.45074695348739624,""registered_model_name"":""btc-dir-consolidated-hourly-daily-xgb"",""registry_version"":""1"",""source"":""champion""}}",consolidated-hourly-daily,hourly_prediction_daily_refresh_at_midnight_et,
2026-04-28T18:00:00+00:00,market_hours,success,2026-04-28T18:00:00+00:00,2026-04-28T17:45:28.240747+00:00,False,RandomForest,rf,1.0,DOWN,0.4702234864234924,0.875,0.8571428571428571,False,False,btc-dir-consolidated-market-hours,UP,LOSS,False,2026-04-28T17:00:00+00:00,76125.04,76187.3,76187.3,76157.8,"{""lstm"":{""accuracy"":0.6875,""cv_accuracy"":0.6875,""cv_f1"":0.6341463414634146,""f1"":0.6341463414634146,""family"":""lstm"",""is_current_best"":false,""name"":""LSTM"",""predicted_label"":1,""predicted_signal"":""UP"",""probability_up"":0.5507138967514038,""registered_model_name"":""btc-dir-consolidated-market-hours-lstm"",""registry_version"":""1"",""source"":""champion""},""mlp_sklearn"":{""accuracy"":0.625,""cv_accuracy"":0.625,""cv_f1"":0.6086956521739131,""f1"":0.6086956521739131,""family"":""mlp_sklearn"",""is_current_best"":false,""name"":""MLPClassifier"",""predicted_label"":1,""predicted_signal"":""UP"",""probability_up"":0.5258814096450806,""registered_model_name"":""btc-dir-consolidated-market-hours-mlp_sklearn"",""registry_version"":""1"",""source"":""champion""},""nn"":{""accuracy"":0.7916666666666666,""cv_accuracy"":0.7916666666666666,""cv_f1"":0.7619047619047619,""f1"":0.7619047619047619,""family"":""nn"",""is_current_best"":false,""name"":""NN"",""predicted_label"":0,""predicted_signal"":""DOWN"",""probability_up"":0.41135892271995544,""registered_model_name"":""btc-dir-consolidated-market-hours-nn"",""registry_version"":""1"",""source"":""champion""},""rf"":{""accuracy"":0.875,""cv_accuracy"":0.875,""cv_f1"":0.8571428571428571,""f1"":0.8571428571428571,""family"":""rf"",""is_current_best"":true,""name"":""RandomForest"",""predicted_label"":0,""predicted_signal"":""DOWN"",""probability_up"":0.47022348642349243,""registered_model_name"":""btc-dir-consolidated-market-hours-rf"",""registry_version"":""1"",""source"":""champion""},""transformer"":{""accuracy"":0.6875,""cv_accuracy"":0.6875,""cv_f1"":0.6341463414634146,""f1"":0.6341463414634146,""family"":""transformer"",""is_current_best"":false,""name"":""Transformer"",""predicted_label"":1,""predicted_signal"":""UP"",""probability_up"":0.5374756455421448,""registered_model_name"":""btc-dir-consolidated-market-hours-transformer"",""registry_version"":""1"",""source"":""champion""},""xgb"":{""accuracy"":0.8125,""cv_accuracy"":0.8125,""cv_f1"":0.7804878048780488,""f1"":0.7804878048780488,""family"":""xgb"",""is_current_best"":false,""name"":""XGBoost"",""predicted_label"":0,""predicted_signal"":""DOWN"",""probability_up"":0.45074695348739624,""registered_model_name"":""btc-dir-consolidated-market-hours-xgb"",""registry_version"":""1"",""source"":""champion""}}",consolidated-market-hours,hourly_prediction_market_hours_only,
2026-04-28T18:00:00+00:00,market_hours_daily,success,2026-04-28T18:00:00+00:00,2026-04-28T17:45:36.246859+00:00,True,RandomForest,rf,1.0,DOWN,0.4702234864234924,0.875,0.8571428571428571,False,False,btc-dir-consolidated-market-hours-daily,UP,LOSS,False,2026-04-28T17:00:00+00:00,76125.04,76187.3,76187.3,76157.8,"{""lstm"":{""accuracy"":0.6875,""cv_accuracy"":0.6875,""cv_f1"":0.6341463414634146,""f1"":0.6341463414634146,""family"":""lstm"",""is_current_best"":false,""name"":""LSTM"",""predicted_label"":1,""predicted_signal"":""UP"",""probability_up"":0.5507138967514038,""registered_model_name"":""btc-dir-consolidated-market-hours-daily-lstm"",""registry_version"":""1"",""source"":""champion""},""mlp_sklearn"":{""accuracy"":0.625,""cv_accuracy"":0.625,""cv_f1"":0.6086956521739131,""f1"":0.6086956521739131,""family"":""mlp_sklearn"",""is_current_best"":false,""name"":""MLPClassifier"",""predicted_label"":1,""predicted_signal"":""UP"",""probability_up"":0.5258814096450806,""registered_model_name"":""btc-dir-consolidated-market-hours-daily-mlp_sklearn"",""registry_version"":""1"",""source"":""champion""},""nn"":{""accuracy"":0.7916666666666666,""cv_accuracy"":0.7916666666666666,""cv_f1"":0.7619047619047619,""f1"":0.7619047619047619,""family"":""nn"",""is_current_best"":false,""name"":""NN"",""predicted_label"":0,""predicted_signal"":""DOWN"",""probability_up"":0.41135892271995544,""registered_model_name"":""btc-dir-consolidated-market-hours-daily-nn"",""registry_version"":""1"",""source"":""champion""},""rf"":{""accuracy"":0.875,""cv_accuracy"":0.875,""cv_f1"":0.8571428571428571,""f1"":0.8571428571428571,""family"":""rf"",""is_current_best"":true,""name"":""RandomForest"",""predicted_label"":0,""predicted_signal"":""DOWN"",""probability_up"":0.47022348642349243,""registered_model_name"":""btc-dir-consolidated-market-hours-daily-rf"",""registry_version"":""1"",""source"":""champion""},""transformer"":{""accuracy"":0.6875,""cv_accuracy"":0.6875,""cv_f1"":0.6341463414634146,""f1"":0.6341463414634146,""family"":""transformer"",""is_current_best"":false,""name"":""Transformer"",""predicted_label"":1,""predicted_signal"":""UP"",""probability_up"":0.5374756455421448,""registered_model_name"":""btc-dir-consolidated-market-hours-daily-transformer"",""registry_version"":""1"",""source"":""champion""},""xgb"":{""accuracy"":0.8125,""cv_accuracy"":0.8125,""cv_f1"":0.7804878048780488,""f1"":0.7804878048780488,""family"":""xgb"",""is_current_best"":false,""name"":""XGBoost"",""predicted_label"":0,""predicted_signal"":""DOWN"",""probability_up"":0.45074695348739624,""registered_model_name"":""btc-dir-consolidated-market-hours-daily-xgb"",""registry_version"":""1"",""source"":""champion""}}",consolidated-market-hours-daily,market_hours_prediction_same_day_refresh,
2026-04-28T19:00:00+00:00,hourly_24h,success,2026-04-28T19:00:00+00:00,2026-04-28T18:11:42.136291+00:00,False,RandomForest,rf,1.0,DOWN,0.47615846991539,0.8333333333333334,0.8095238095238095,False,False,btc-dir-consolidated-hourly-24h,DOWN,WIN,False,2026-04-28T18:00:00+00:00,76187.3,76157.8,,,"{""lstm"":{""accuracy"":0.6875,""cv_accuracy"":0.6875,""cv_f1"":0.6341463414634146,""f1"":0.6341463414634146,""family"":""lstm"",""is_current_best"":false,""name"":""LSTM"",""predicted_label"":0,""predicted_signal"":""DOWN"",""probability_up"":0.2844173312187195,""registered_model_name"":""btc-dir-consolidated-hourly-24h-lstm"",""registry_version"":""1"",""source"":""champion""},""mlp_sklearn"":{""accuracy"":0.6041666666666666,""cv_accuracy"":0.6041666666666666,""cv_f1"":0.5957446808510638,""f1"":0.5957446808510638,""family"":""mlp_sklearn"",""is_current_best"":false,""name"":""MLPClassifier"",""predicted_label"":0,""predicted_signal"":""DOWN"",""probability_up"":0.47618475556373596,""registered_model_name"":""btc-dir-consolidated-hourly-24h-mlp_sklearn"",""registry_version"":""1"",""source"":""champion""},""nn"":{""accuracy"":0.7916666666666666,""cv_accuracy"":0.7916666666666666,""cv_f1"":0.7619047619047619,""f1"":0.7619047619047619,""family"":""nn"",""is_current_best"":false,""name"":""NN"",""predicted_label"":0,""predicted_signal"":""DOWN"",""probability_up"":0.16886375844478607,""registered_model_name"":""btc-dir-consolidated-hourly-24h-nn"",""registry_version"":""1"",""source"":""champion""},""rf"":{""accuracy"":0.8333333333333334,""cv_accuracy"":0.8333333333333334,""cv_f1"":0.8095238095238095,""f1"":0.8095238095238095,""family"":""rf"",""is_current_best"":true,""name"":""RandomForest"",""predicted_label"":0,""predicted_signal"":""DOWN"",""probability_up"":0.47615846991539,""registered_model_name"":""btc-dir-consolidated-hourly-24h-rf"",""registry_version"":""1"",""source"":""champion""},""transformer"":{""accuracy"":0.6458333333333334,""cv_accuracy"":0.6458333333333334,""cv_f1"":0.5853658536585366,""f1"":0.5853658536585366,""family"":""transformer"",""is_current_best"":false,""name"":""Transformer"",""predicted_label"":1,""predicted_signal"":""UP"",""probability_up"":0.5731000900268555,""registered_model_name"":""btc-dir-consolidated-hourly-24h-transformer"",""registry_version"":""1"",""source"":""champion""},""xgb"":{""accuracy"":0.7708333333333334,""cv_accuracy"":0.7708333333333334,""cv_f1"":0.7317073170731707,""f1"":0.7317073170731707,""family"":""xgb"",""is_current_best"":false,""name"":""XGBoost"",""predicted_label"":0,""predicted_signal"":""DOWN"",""probability_up"":0.3088015913963318,""registered_model_name"":""btc-dir-consolidated-hourly-24h-xgb"",""registry_version"":""1"",""source"":""champion""}}",consolidated-hourly-24h,hourly_24h_always_refresh,
2026-04-28T19:00:00+00:00,hourly_daily,success,2026-04-28T19:00:00+00:00,2026-04-28T18:12:49.201642+00:00,True,RandomForest,rf,1.0,DOWN,0.47615846991539,0.8333333333333334,0.8095238095238095,False,False,btc-dir-consolidated-hourly-daily,DOWN,WIN,False,2026-04-28T18:00:00+00:00,76187.3,76157.8,,,"{""lstm"":{""accuracy"":0.6875,""cv_accuracy"":0.6875,""cv_f1"":0.6341463414634146,""f1"":0.6341463414634146,""family"":""lstm"",""is_current_best"":false,""name"":""LSTM"",""predicted_label"":0,""predicted_signal"":""DOWN"",""probability_up"":0.2844173312187195,""registered_model_name"":""btc-dir-consolidated-hourly-daily-lstm"",""registry_version"":""1"",""source"":""champion""},""mlp_sklearn"":{""accuracy"":0.6041666666666666,""cv_accuracy"":0.6041666666666666,""cv_f1"":0.5957446808510638,""f1"":0.5957446808510638,""family"":""mlp_sklearn"",""is_current_best"":false,""name"":""MLPClassifier"",""predicted_label"":0,""predicted_signal"":""DOWN"",""probability_up"":0.47618475556373596,""registered_model_name"":""btc-dir-consolidated-hourly-daily-mlp_sklearn"",""registry_version"":""1"",""source"":""champion""},""nn"":{""accuracy"":0.7916666666666666,""cv_accuracy"":0.7916666666666666,""cv_f1"":0.7619047619047619,""f1"":0.7619047619047619,""family"":""nn"",""is_current_best"":false,""name"":""NN"",""predicted_label"":0,""predicted_signal"":""DOWN"",""probability_up"":0.16886375844478607,""registered_model_name"":""btc-dir-consolidated-hourly-daily-nn"",""registry_version"":""1"",""source"":""champion""},""rf"":{""accuracy"":0.8333333333333334,""cv_accuracy"":0.8333333333333334,""cv_f1"":0.8095238095238095,""f1"":0.8095238095238095,""family"":""rf"",""is_current_best"":true,""name"":""RandomForest"",""predicted_label"":0,""predicted_signal"":""DOWN"",""probability_up"":0.47615846991539,""registered_model_name"":""btc-dir-consolidated-hourly-daily-rf"",""registry_version"":""1"",""source"":""champion""},""transformer"":{""accuracy"":0.6458333333333334,""cv_accuracy"":0.6458333333333334,""cv_f1"":0.5853658536585366,""f1"":0.5853658536585366,""family"":""transformer"",""is_current_best"":false,""name"":""Transformer"",""predicted_label"":1,""predicted_signal"":""UP"",""probability_up"":0.5731000900268555,""registered_model_name"":""btc-dir-consolidated-hourly-daily-transformer"",""registry_version"":""1"",""source"":""champion""},""xgb"":{""accuracy"":0.7708333333333334,""cv_accuracy"":0.7708333333333334,""cv_f1"":0.7317073170731707,""f1"":0.7317073170731707,""family"":""xgb"",""is_current_best"":false,""name"":""XGBoost"",""predicted_label"":0,""predicted_signal"":""DOWN"",""probability_up"":0.3088015913963318,""registered_model_name"":""btc-dir-consolidated-hourly-daily-xgb"",""registry_version"":""1"",""source"":""champion""}}",consolidated-hourly-daily,hourly_prediction_daily_refresh_at_midnight_et,
2026-04-28T19:00:00+00:00,market_hours,success,2026-04-28T19:00:00+00:00,2026-04-28T18:13:18.158529+00:00,False,RandomForest,rf,1.0,DOWN,0.47615846991539,0.8333333333333334,0.8095238095238095,False,False,btc-dir-consolidated-market-hours,DOWN,WIN,False,2026-04-28T18:00:00+00:00,76187.3,76157.8,,,"{""lstm"":{""accuracy"":0.6875,""cv_accuracy"":0.6875,""cv_f1"":0.6341463414634146,""f1"":0.6341463414634146,""family"":""lstm"",""is_current_best"":false,""name"":""LSTM"",""predicted_label"":0,""predicted_signal"":""DOWN"",""probability_up"":0.2844173312187195,""registered_model_name"":""btc-dir-consolidated-market-hours-lstm"",""registry_version"":""1"",""source"":""champion""},""mlp_sklearn"":{""accuracy"":0.6041666666666666,""cv_accuracy"":0.6041666666666666,""cv_f1"":0.5957446808510638,""f1"":0.5957446808510638,""family"":""mlp_sklearn"",""is_current_best"":false,""name"":""MLPClassifier"",""predicted_label"":0,""predicted_signal"":""DOWN"",""probability_up"":0.47618475556373596,""registered_model_name"":""btc-dir-consolidated-market-hours-mlp_sklearn"",""registry_version"":""1"",""source"":""champion""},""nn"":{""accuracy"":0.7916666666666666,""cv_accuracy"":0.7916666666666666,""cv_f1"":0.7619047619047619,""f1"":0.7619047619047619,""family"":""nn"",""is_current_best"":false,""name"":""NN"",""predicted_label"":0,""predicted_signal"":""DOWN"",""probability_up"":0.16886375844478607,""registered_model_name"":""btc-dir-consolidated-market-hours-nn"",""registry_version"":""1"",""source"":""champion""},""rf"":{""accuracy"":0.8333333333333334,""cv_accuracy"":0.8333333333333334,""cv_f1"":0.8095238095238095,""f1"":0.8095238095238095,""family"":""rf"",""is_current_best"":true,""name"":""RandomForest"",""predicted_label"":0,""predicted_signal"":""DOWN"",""probability_up"":0.47615846991539,""registered_model_name"":""btc-dir-consolidated-market-hours-rf"",""registry_version"":""1"",""source"":""champion""},""transformer"":{""accuracy"":0.6458333333333334,""cv_accuracy"":0.6458333333333334,""cv_f1"":0.5853658536585366,""f1"":0.5853658536585366,""family"":""transformer"",""is_current_best"":false,""name"":""Transformer"",""predicted_label"":1,""predicted_signal"":""UP"",""probability_up"":0.5731000900268555,""registered_model_name"":""btc-dir-consolidated-market-hours-transformer"",""registry_version"":""1"",""source"":""champion""},""xgb"":{""accuracy"":0.7708333333333334,""cv_accuracy"":0.7708333333333334,""cv_f1"":0.7317073170731707,""f1"":0.7317073170731707,""family"":""xgb"",""is_current_best"":false,""name"":""XGBoost"",""predicted_label"":0,""predicted_signal"":""DOWN"",""probability_up"":0.3088015913963318,""registered_model_name"":""btc-dir-consolidated-market-hours-xgb"",""registry_version"":""1"",""source"":""champion""}}",consolidated-market-hours,hourly_prediction_market_hours_only,
2026-04-28T19:00:00+00:00,market_hours_daily,success,2026-04-28T19:00:00+00:00,2026-04-28T18:13:34.162423+00:00,True,RandomForest,rf,1.0,DOWN,0.47615846991539,0.8333333333333334,0.8095238095238095,False,False,btc-dir-consolidated-market-hours-daily,DOWN,WIN,False,2026-04-28T18:00:00+00:00,76187.3,76157.8,,,"{""lstm"":{""accuracy"":0.6875,""cv_accuracy"":0.6875,""cv_f1"":0.6341463414634146,""f1"":0.6341463414634146,""family"":""lstm"",""is_current_best"":false,""name"":""LSTM"",""predicted_label"":0,""predicted_signal"":""DOWN"",""probability_up"":0.2844173312187195,""registered_model_name"":""btc-dir-consolidated-market-hours-daily-lstm"",""registry_version"":""1"",""source"":""champion""},""mlp_sklearn"":{""accuracy"":0.6041666666666666,""cv_accuracy"":0.6041666666666666,""cv_f1"":0.5957446808510638,""f1"":0.5957446808510638,""family"":""mlp_sklearn"",""is_current_best"":false,""name"":""MLPClassifier"",""predicted_label"":0,""predicted_signal"":""DOWN"",""probability_up"":0.47618475556373596,""registered_model_name"":""btc-dir-consolidated-market-hours-daily-mlp_sklearn"",""registry_version"":""1"",""source"":""champion""},""nn"":{""accuracy"":0.7916666666666666,""cv_accuracy"":0.7916666666666666,""cv_f1"":0.7619047619047619,""f1"":0.7619047619047619,""family"":""nn"",""is_current_best"":false,""name"":""NN"",""predicted_label"":0,""predicted_signal"":""DOWN"",""probability_up"":0.16886375844478607,""registered_model_name"":""btc-dir-consolidated-market-hours-daily-nn"",""registry_version"":""1"",""source"":""champion""},""rf"":{""accuracy"":0.8333333333333334,""cv_accuracy"":0.8333333333333334,""cv_f1"":0.8095238095238095,""f1"":0.8095238095238095,""family"":""rf"",""is_current_best"":true,""name"":""RandomForest"",""predicted_label"":0,""predicted_signal"":""DOWN"",""probability_up"":0.47615846991539,""registered_model_name"":""btc-dir-consolidated-market-hours-daily-rf"",""registry_version"":""1"",""source"":""champion""},""transformer"":{""accuracy"":0.6458333333333334,""cv_accuracy"":0.6458333333333334,""cv_f1"":0.5853658536585366,""f1"":0.5853658536585366,""family"":""transformer"",""is_current_best"":false,""name"":""Transformer"",""predicted_label"":1,""predicted_signal"":""UP"",""probability_up"":0.5731000900268555,""registered_model_name"":""btc-dir-consolidated-market-hours-daily-transformer"",""registry_version"":""1"",""source"":""champion""},""xgb"":{""accuracy"":0.7708333333333334,""cv_accuracy"":0.7708333333333334,""cv_f1"":0.7317073170731707,""f1"":0.7317073170731707,""family"":""xgb"",""is_current_best"":false,""name"":""XGBoost"",""predicted_label"":0,""predicted_signal"":""DOWN"",""probability_up"":0.3088015913963318,""registered_model_name"":""btc-dir-consolidated-market-hours-daily-xgb"",""registry_version"":""1"",""source"":""champion""}}",consolidated-market-hours-daily,market_hours_prediction_same_day_refresh,
